{
  "name": "Deep Autoencoder",
  "type": "unsupervised_anomaly_detection",
  "architecture": "Input -> 64 -> 16 (bottleneck) -> 64 -> Output",
  "auc": 0.7109832039501236,
  "mean_error_normal": 0.34508449553133885,
  "mean_error_fraud": 1.1933673828065927,
  "error_ratio": 3.4581889312909366,
  "threshold": 0.7989813037024917,
  "training_epochs": 14
}