{
  "xgboost": {
    "name": "XGBoost",
    "auc": 0.9479008554507569,
    "f1": 0.6284304656182547,
    "precision": 0.8661283467913302,
    "recall": 0.49310428260343575,
    "confusion_matrix": [
      [
        113660,
        315
      ],
      [
        2095,
        2038
      ]
    ]
  },
  "lightgbm": {
    "name": "LightGBM",
    "auc": 0.9480756553310477,
    "f1": 0.5834710743801653,
    "precision": 0.5091040201910942,
    "recall": 0.6832809097507864,
    "confusion_matrix": [
      [
        111252,
        2723
      ],
      [
        1309,
        2824
      ]
    ]
  },
  "catboost": {
    "name": "CatBoost",
    "auc": 0.9516581347323665,
    "f1": 0.617319046577739,
    "precision": 0.5631358467983244,
    "recall": 0.6830389547544157,
    "confusion_matrix": [
      [
        111785,
        2190
      ],
      [
        1310,
        2823
      ]
    ]
  },
  "random_forest": {
    "name": "Random Forest",
    "auc": 0.9235101041287479,
    "f1": 0.507331652190156,
    "precision": 0.41314268329784,
    "recall": 0.6571497701427534,
    "confusion_matrix": [
      [
        110117,
        3858
      ],
      [
        1417,
        2716
      ]
    ]
  },
  "mlp": {
    "name": "MLP Neural Net",
    "auc": 0.9469514408157327,
    "f1": 0.6416025547975033,
    "precision": 0.8018867924528302,
    "recall": 0.5347205419791918,
    "confusion_matrix": [
      [
        113429,
        546
      ],
      [
        1923,
        2210
      ]
    ]
  },
  "isolation_forest": {
    "name": "Isolation Forest",
    "auc": 0.7134861394920707,
    "f1": 0.1272390364422483,
    "precision": 0.17584293640631668,
    "recall": 0.09968545850471812,
    "confusion_matrix": [
      [
        112044,
        1931
      ],
      [
        3721,
        412
      ]
    ]
  },
  "ensemble": {
    "name": "Stacking Ensemble (6-Model)",
    "auc": 0.9558360219138305,
    "f1": 0.6862849533954727,
    "precision": 0.7631033461652355,
    "recall": 0.6235180256472296,
    "confusion_matrix": [
      [
        113175,
        800
      ],
      [
        1556,
        2577
      ]
    ]
  }
}