{
  "xgboost": {
    "name": "XGBoost",
    "auc": 0.9776393641407837,
    "f1": 0.7473833097595474,
    "precision": 0.8995573714674838,
    "recall": 0.6392451004113235,
    "confusion_matrix": [
      [
        113680,
        295
      ],
      [
        1491,
        2642
      ]
    ]
  },
  "lightgbm": {
    "name": "LightGBM",
    "auc": 0.9661702462012827,
    "f1": 0.5915201654601862,
    "precision": 0.48370233702337023,
    "recall": 0.7611904185821438,
    "confusion_matrix": [
      [
        110617,
        3358
      ],
      [
        987,
        3146
      ]
    ]
  },
  "catboost": {
    "name": "CatBoost",
    "auc": 0.9720516600187865,
    "f1": 0.659205020920502,
    "precision": 0.5806154413119587,
    "recall": 0.7624001935639971,
    "confusion_matrix": [
      [
        111699,
        2276
      ],
      [
        982,
        3151
      ]
    ]
  },
  "random_forest": {
    "name": "Random Forest",
    "auc": 0.9553185534689494,
    "f1": 0.5614163168461398,
    "precision": 0.45069597069597067,
    "recall": 0.7442535688361964,
    "confusion_matrix": [
      [
        110226,
        3749
      ],
      [
        1057,
        3076
      ]
    ]
  },
  "mlp": {
    "name": "MLP Neural Net",
    "auc": 0.9641011748695637,
    "f1": 0.6943861122777545,
    "precision": 0.8239202657807309,
    "recall": 0.6000483909992741,
    "confusion_matrix": [
      [
        113445,
        530
      ],
      [
        1653,
        2480
      ]
    ]
  },
  "isolation_forest": {
    "name": "Isolation Forest",
    "auc": 0.7270384161803198,
    "f1": 0.09483960948396095,
    "precision": 0.16968184653774174,
    "recall": 0.06581175901282361,
    "confusion_matrix": [
      [
        112644,
        1331
      ],
      [
        3861,
        272
      ]
    ]
  },
  "ensemble": {
    "name": "Stacking Ensemble (4-Model)",
    "auc": 0.9762704847755961,
    "f1": 0.7651217596229379,
    "precision": 0.8336661911554921,
    "recall": 0.7069924993951126,
    "confusion_matrix": [
      [
        113392,
        583
      ],
      [
        1211,
        2922
      ]
    ]
  }
}